,,% humans flagged,% humans flagged,% humans flagged,% humans flagged,% AI caught,% AI caught,% AI caught,% AI caught,precision,precision,precision,precision
set,,val,test,heldout_prompt,heldout_generator,val,test,heldout_prompt,heldout_generator,val,test,heldout_prompt,heldout_generator
model,threshold,,,,,,,,,,,,
DistilRoBERTa,FPR 0.5%,0.53,0.4,2.31,,98.92,99.37,100.0,99.17,0.97,0.98,0.95,1.0
DistilRoBERTa,FPR 1.0%,1.01,0.92,3.85,,99.14,99.58,100.0,99.76,0.95,0.96,0.92,1.0
DistilRoBERTa,FPR 5.0%,4.93,3.79,12.49,,99.78,99.79,100.0,99.95,0.8,0.85,0.78,1.0
DistilRoBERTa,default,1.98,1.36,5.61,,99.57,99.58,100.0,99.9,0.91,0.94,0.89,1.0
TF-IDF + SVM,FPR 0.5%,0.48,0.53,20.75,,99.35,99.58,100.0,98.68,0.98,0.98,0.68,1.0
TF-IDF + SVM,FPR 1.0%,0.88,1.23,33.8,,99.57,99.58,100.0,99.37,0.96,0.94,0.57,1.0
TF-IDF + SVM,FPR 5.0%,4.67,6.25,64.46,,99.78,99.79,100.0,99.95,0.81,0.77,0.41,1.0
TF-IDF + SVM,default,0.0,0.0,2.1,,98.27,98.73,97.63,87.99,1.0,1.0,0.95,1.0
