row_id,label,split,source,detectgpt,neg_log_ppl_short
1857,0,test,persuade_corpus,4.7816043,-4.201716
22194,0,test,persuade_corpus,5.108424,-3.299843
25322,0,test,persuade_corpus,4.0106997,-3.0810523
12425,0,test,persuade_corpus,3.6898878,-2.985872
15669,0,test,persuade_corpus,4.62494,-4.0918007
8611,0,test,persuade_corpus,5.028219,-3.8879488
7291,0,test,persuade_corpus,3.7348082,-2.708066
12144,0,test,persuade_corpus,8.782599,-3.0727925
12677,0,test,persuade_corpus,5.4989796,-3.9361904
7593,0,test,persuade_corpus,4.5044174,-3.118999
6506,0,test,persuade_corpus,5.0751514,-3.1368556
23323,0,test,persuade_corpus,3.8160686,-3.0807567
25319,0,test,persuade_corpus,4.1282077,-2.5448372
2956,0,test,persuade_corpus,4.227089,-3.9242508
3026,0,test,persuade_corpus,3.7095985,-3.854492
22474,0,test,persuade_corpus,3.8557916,-3.6441767
22464,0,test,persuade_corpus,10.474969,-3.1641634
10371,0,test,persuade_corpus,3.121782,-3.9359229
2547,0,test,persuade_corpus,5.0483665,-3.8251271
15057,0,test,persuade_corpus,5.5256386,-3.0714424
6110,0,test,persuade_corpus,4.144907,-4.0220504
12536,0,test,persuade_corpus,6.293906,-2.9822464
21572,0,test,persuade_corpus,3.8806043,-3.548247
17687,0,test,persuade_corpus,2.9532812,-4.4198933
318,0,test,persuade_corpus,6.027426,-2.4121027
14696,0,test,persuade_corpus,4.111585,-3.2948291
23753,0,test,persuade_corpus,5.618204,-3.4129646
11628,0,test,persuade_corpus,4.3555017,-2.8390732
25030,0,test,persuade_corpus,2.9161282,-3.2692015
24530,0,test,persuade_corpus,5.1378045,-2.9646616
954,0,test,persuade_corpus,4.0101037,-3.364666
5564,0,test,persuade_corpus,4.239203,-3.5255892
43122,0,test,train_essays,5.409955,-3.3680646
2496,0,test,persuade_corpus,3.5185702,-4.2813826
22857,0,test,persuade_corpus,8.22118,-3.3768706
25273,0,test,persuade_corpus,4.961258,-2.7893555
7101,0,test,persuade_corpus,3.1317904,-3.1211777
17804,0,test,persuade_corpus,6.5900726,-3.3649583
25772,0,test,persuade_corpus,7.946288,-2.4121497
23824,0,test,persuade_corpus,4.911169,-2.6627247
14565,0,test,persuade_corpus,4.2847157,-2.957759
21518,0,test,persuade_corpus,3.6627858,-3.4225464
18235,0,test,persuade_corpus,4.4963713,-3.2463763
1766,0,test,persuade_corpus,3.792003,-3.3446527
8979,0,test,persuade_corpus,5.3937244,-3.4525461
17131,0,test,persuade_corpus,5.722174,-3.409147
518,0,test,persuade_corpus,3.3800526,-3.44487
2821,0,test,persuade_corpus,4.8072643,-3.7157369
6405,0,test,persuade_corpus,5.8546715,-2.2067456
23840,0,test,persuade_corpus,4.5653005,-3.85378
23515,0,test,persuade_corpus,5.1589193,-2.9160283
25826,0,test,persuade_corpus,2.897589,-3.0269759
18229,0,test,persuade_corpus,3.7219582,-2.8938162
17368,0,test,persuade_corpus,5.57427,-3.2292693
17923,0,test,persuade_corpus,4.349545,-3.6248639
12395,0,test,persuade_corpus,2.9911394,-4.0782213
18236,0,test,persuade_corpus,3.542562,-3.6472495
12430,0,test,persuade_corpus,3.9433873,-2.853285
5426,0,test,persuade_corpus,7.3670635,-4.2309484
1220,0,test,persuade_corpus,3.5369763,-3.9069843
11788,0,test,persuade_corpus,3.9537635,-3.783069
5887,0,test,persuade_corpus,6.547146,-3.7727427
895,0,test,persuade_corpus,3.8675463,-3.4361632
22359,0,test,persuade_corpus,4.0069923,-4.7211976
17613,0,test,persuade_corpus,4.948319,-2.9000514
7127,0,test,persuade_corpus,5.3285246,-3.1945212
2483,0,test,persuade_corpus,2.739989,-4.499086
11129,0,test,persuade_corpus,4.269029,-3.6060305
7971,0,test,persuade_corpus,3.0161278,-3.8436632
11909,0,test,persuade_corpus,4.7008467,-3.6288242
22944,0,test,persuade_corpus,6.4825625,-3.2555296
14231,0,test,persuade_corpus,3.9880702,-3.389125
25405,0,test,persuade_corpus,4.7010326,-3.5781112
8292,0,test,persuade_corpus,2.8217754,-4.3202806
17865,0,test,persuade_corpus,5.1886435,-3.3914888
9566,0,test,persuade_corpus,6.281022,-3.6554296
21443,0,test,persuade_corpus,4.7009244,-3.214143
24043,0,test,persuade_corpus,3.7167718,-3.3857517
43424,0,test,train_essays,5.4102182,-3.5268848
9113,0,test,persuade_corpus,4.540403,-4.4311376
6777,0,test,persuade_corpus,2.7471128,-3.7515342
17590,0,test,persuade_corpus,5.5878606,-3.750024
43004,0,test,train_essays,4.333856,-3.3132
9085,0,test,persuade_corpus,4.038532,-3.5302415
25888,0,test,persuade_corpus,5.5517907,-2.982657
12335,0,test,persuade_corpus,4.185576,-3.2828016
1921,0,test,persuade_corpus,5.134612,-4.005795
22812,0,test,persuade_corpus,4.254131,-2.8455577
15498,0,test,persuade_corpus,6.7472043,-3.064301
10836,0,test,persuade_corpus,3.6564617,-3.7977083
5963,0,test,persuade_corpus,6.027454,-3.8708856
8251,0,test,persuade_corpus,3.829367,-4.226145
23547,0,test,persuade_corpus,3.3168607,-3.10627
16448,0,test,persuade_corpus,3.1188135,-3.083314
8879,0,test,persuade_corpus,2.6300259,-4.320898
25485,0,test,persuade_corpus,6.7830415,-2.6182945
9206,0,test,persuade_corpus,3.2880814,-4.0397263
14182,0,test,persuade_corpus,3.5873988,-3.2786326
11949,0,test,persuade_corpus,6.3884363,-3.4743423
446,0,test,persuade_corpus,3.4185915,-3.5862665
20743,0,test,persuade_corpus,3.3394966,-3.1224587
11594,0,test,persuade_corpus,3.4904513,-4.2737355
9589,0,test,persuade_corpus,4.032094,-3.3352356
25720,0,test,persuade_corpus,5.4792256,-2.9669068
23552,0,test,persuade_corpus,5.860293,-3.392839
5711,0,test,persuade_corpus,7.8724704,-2.9924188
2446,0,test,persuade_corpus,4.386629,-3.1243768
1070,0,test,persuade_corpus,2.6327124,-3.1825714
13054,0,test,persuade_corpus,4.329509,-3.491255
9076,0,test,persuade_corpus,3.974042,-4.4275174
43154,0,test,train_essays,4.2051907,-3.382856
25654,0,test,persuade_corpus,6.258567,-3.6110363
25123,0,test,persuade_corpus,4.4544587,-3.1134422
655,0,test,persuade_corpus,3.1806858,-4.147651
6560,0,test,persuade_corpus,4.1347523,-2.6985853
14637,0,test,persuade_corpus,5.1606116,-3.153469
14913,0,test,persuade_corpus,4.460001,-3.040539
13382,0,test,persuade_corpus,2.5449247,-3.967377
4992,0,test,persuade_corpus,5.0166817,-3.0998998
17830,0,test,persuade_corpus,3.5587556,-3.6853747
12636,0,test,persuade_corpus,4.514369,-3.1617334
25855,0,test,persuade_corpus,3.191536,-3.0372121
22340,0,test,persuade_corpus,5.7029433,-3.7016504
7790,0,test,persuade_corpus,3.9920213,-2.6690676
8589,0,test,persuade_corpus,2.542907,-4.3977003
25381,0,test,persuade_corpus,6.2644553,-2.5642092
2137,0,test,persuade_corpus,8.940473,-3.823536
20875,0,test,persuade_corpus,5.5516324,-3.064583
22244,0,test,persuade_corpus,7.802191,-2.682873
6443,0,test,persuade_corpus,4.1929383,-3.2528355
14882,0,test,persuade_corpus,4.098431,-2.7768095
11183,0,test,persuade_corpus,3.1943443,-3.8254235
473,0,test,persuade_corpus,4.150714,-2.7185974
42614,0,test,train_essays,2.948976,-3.4050913
25805,0,test,persuade_corpus,4.180741,-2.6400168
14014,0,test,persuade_corpus,5.2184434,-2.9687338
21654,0,test,persuade_corpus,4.220495,-3.7740529
15616,0,test,persuade_corpus,3.3098342,-3.3501694
8175,0,test,persuade_corpus,3.963673,-3.5913882
11652,0,test,persuade_corpus,4.8110437,-3.9157705
17052,0,test,persuade_corpus,6.3595786,-3.070309
17872,0,test,persuade_corpus,3.5763605,-3.452071
23483,0,test,persuade_corpus,4.9756393,-3.221527
16687,0,test,persuade_corpus,5.4658875,-3.4066777
6085,0,test,persuade_corpus,4.392991,-4.002886
17634,0,test,persuade_corpus,6.249732,-3.2557988
24621,0,test,persuade_corpus,5.576956,-3.127647
3072,0,test,persuade_corpus,4.9899297,-4.3574786
13341,0,test,persuade_corpus,5.133195,-3.958529
9052,0,test,persuade_corpus,3.123534,-3.7400758
5359,0,test,persuade_corpus,4.484219,-3.7038965
18107,0,test,persuade_corpus,4.941748,-3.5877407
25228,0,test,persuade_corpus,3.5925224,-3.1512089
6436,0,test,persuade_corpus,9.697332,-2.6971686
645,0,test,persuade_corpus,4.299895,-3.4755795
8256,0,test,persuade_corpus,3.4248772,-3.4311101
21020,0,test,persuade_corpus,4.83267,-3.7021117
13454,0,test,persuade_corpus,2.9456685,-3.4018168
6624,0,test,persuade_corpus,6.2379093,-3.302278
11932,0,test,persuade_corpus,3.99378,-3.3125787
8289,0,test,persuade_corpus,5.351602,-4.237214
18297,0,test,persuade_corpus,3.2934875,-3.5867646
21253,0,test,persuade_corpus,3.028137,-3.0523107
17228,0,test,persuade_corpus,3.175064,-3.093903
7658,0,test,persuade_corpus,4.664601,-3.5917108
5560,0,test,persuade_corpus,4.127318,-4.842294
22395,0,test,persuade_corpus,4.979991,-3.2301888
7698,0,test,persuade_corpus,5.7182517,-2.801274
17820,0,test,persuade_corpus,6.4098415,-3.4324212
22440,0,test,persuade_corpus,4.6309676,-4.2201734
815,0,test,persuade_corpus,5.19939,-2.6563985
11196,0,test,persuade_corpus,4.1833987,-3.7739384
8491,0,test,persuade_corpus,2.0606005,-3.9743872
7962,0,test,persuade_corpus,3.485337,-4.407516
716,0,test,persuade_corpus,5.3438673,-3.1028671
1061,0,test,persuade_corpus,5.2642612,-3.1167324
42829,0,test,train_essays,3.82476,-3.647448
14135,0,test,persuade_corpus,4.1337724,-3.0705056
23386,0,test,persuade_corpus,3.3636909,-3.028304
14908,0,test,persuade_corpus,2.8560667,-3.1203501
18148,0,test,persuade_corpus,4.2238336,-2.947273
462,0,test,persuade_corpus,6.9545774,-2.9031563
42694,0,test,train_essays,5.1983037,-3.629718
24187,0,test,persuade_corpus,4.373243,-3.1361425
16160,0,test,persuade_corpus,9.663998,-2.9098816
3086,0,test,persuade_corpus,4.3695035,-3.428912
11093,0,test,persuade_corpus,11.919592,-4.4964566
10733,0,test,persuade_corpus,3.1233852,-3.3813746
13977,0,test,persuade_corpus,2.9787083,-3.2004743
25957,0,test,persuade_corpus,4.2583222,-3.3622756
6455,0,test,persuade_corpus,5.7645288,-3.204478
25807,0,test,persuade_corpus,4.386135,-2.589105
11738,0,test,persuade_corpus,3.6324778,-3.9918275
15790,0,test,persuade_corpus,7.852333,-3.351131
23330,0,test,persuade_corpus,2.0157027,-4.960258
7443,0,test,persuade_corpus,7.065897,-2.6594198
12900,0,test,persuade_corpus,7.2702203,-3.1901786
43259,0,test,train_essays,4.2378592,-3.3104956
25926,0,test,persuade_corpus,8.620839,-2.9149086
10070,0,test,persuade_corpus,4.303912,-3.747607
13804,0,test,persuade_corpus,4.926811,-3.2551885
6509,0,test,persuade_corpus,5.665552,-3.0023856
232,0,test,persuade_corpus,4.8712687,-3.0845308
22587,0,test,persuade_corpus,3.6308138,-3.3492932
13978,0,test,persuade_corpus,4.4212766,-3.431715
6894,0,test,persuade_corpus,4.724083,-2.6643372
8715,0,test,persuade_corpus,2.419285,-4.6335387
9806,0,test,persuade_corpus,4.5110345,-3.9129303
606,0,test,persuade_corpus,5.0894074,-3.0038095
20809,0,test,persuade_corpus,4.59346,-3.7249556
22676,0,test,persuade_corpus,5.3492193,-3.0151799
11199,0,test,persuade_corpus,5.287994,-3.0482426
2381,0,test,persuade_corpus,5.76853,-3.5695057
14239,0,test,persuade_corpus,3.4512515,-3.420636
8528,0,test,persuade_corpus,2.9901006,-3.6897635
9366,0,test,persuade_corpus,2.5289857,-3.9616745
1602,0,test,persuade_corpus,3.2274926,-4.656051
2902,0,test,persuade_corpus,4.9902754,-3.4235344
12113,0,test,persuade_corpus,3.6896226,-3.5325792
12551,0,test,persuade_corpus,3.7132537,-3.2865646
6562,0,test,persuade_corpus,4.349278,-3.659975
25284,0,test,persuade_corpus,3.5354013,-2.9024174
25039,0,test,persuade_corpus,4.4497933,-3.352052
13374,0,test,persuade_corpus,4.7896004,-4.2125287
21872,0,test,persuade_corpus,4.1964602,-3.366416
14693,0,test,persuade_corpus,6.707186,-3.521572
5602,0,test,persuade_corpus,3.6928585,-3.1827683
23974,0,test,persuade_corpus,9.38092,-2.8651698
18331,0,test,persuade_corpus,4.754998,-3.0525026
17802,0,test,persuade_corpus,3.9782386,-3.3888037
9191,0,test,persuade_corpus,5.1828856,-3.6609712
6156,0,test,persuade_corpus,4.305528,-3.1652596
22796,0,test,persuade_corpus,4.3709035,-3.0126975
7846,0,test,persuade_corpus,3.977261,-3.4604142
9957,0,test,persuade_corpus,3.1928759,-4.2616796
8719,0,test,persuade_corpus,3.7030814,-3.6304758
7720,0,test,persuade_corpus,5.261933,-3.2261577
12235,0,test,persuade_corpus,3.767737,-4.043852
17553,0,test,persuade_corpus,3.053727,-3.1250515
21879,0,test,persuade_corpus,4.997062,-3.7544532
2187,0,test,persuade_corpus,6.2349024,-4.1257215
23953,0,test,persuade_corpus,4.021682,-3.3056178
9825,0,test,persuade_corpus,3.3253317,-3.9088125
2300,0,test,persuade_corpus,3.2511246,-4.089102
10760,0,test,persuade_corpus,3.8716874,-2.9009235
1223,0,test,persuade_corpus,3.1151044,-4.419044
297,0,test,persuade_corpus,4.3942075,-2.570498
42881,0,test,train_essays,3.8604958,-4.010798
23867,0,test,persuade_corpus,2.7157328,-3.9857416
15861,0,test,persuade_corpus,3.9662702,-2.5797782
23912,0,test,persuade_corpus,3.5965967,-4.1100607
6140,0,test,persuade_corpus,3.8110578,-3.356698
24988,0,test,persuade_corpus,6.1295753,-3.054525
22772,0,test,persuade_corpus,5.2574773,-3.3658957
25268,0,test,persuade_corpus,3.7283244,-2.9165578
5967,0,test,persuade_corpus,3.9032946,-3.141463
1903,0,test,persuade_corpus,3.39588,-3.3025477
14698,0,test,persuade_corpus,4.76493,-3.3941498
7283,0,test,persuade_corpus,4.6035576,-2.7069983
22271,0,test,persuade_corpus,3.2532916,-3.1584592
23944,0,test,persuade_corpus,5.072754,-3.402789
1180,0,test,persuade_corpus,5.6258044,-3.2420592
25289,0,test,persuade_corpus,3.244131,-3.783226
2324,0,test,persuade_corpus,5.0766416,-4.537753
7136,0,test,persuade_corpus,4.344151,-2.8508067
22070,0,test,persuade_corpus,5.539823,-3.1209207
10467,0,test,persuade_corpus,4.2716565,-3.5245616
18473,0,test,persuade_corpus,4.627129,-3.5842934
22450,0,test,persuade_corpus,3.5307379,-3.2467449
24366,0,test,persuade_corpus,3.9467716,-3.286813
1816,0,test,persuade_corpus,4.653336,-4.270311
24866,0,test,persuade_corpus,5.4098744,-2.820023
18303,0,test,persuade_corpus,6.3476896,-3.4412482
42855,0,test,train_essays,4.192781,-3.4325695
14418,0,test,persuade_corpus,4.021391,-3.1853278
22001,0,test,persuade_corpus,3.273703,-3.8540843
24112,0,test,persuade_corpus,2.7897568,-2.896285
24940,0,test,persuade_corpus,4.4520707,-3.2076843
12681,0,test,persuade_corpus,2.7235537,-3.3341773
7173,0,test,persuade_corpus,3.303915,-3.1418939
13817,0,test,persuade_corpus,6.4732456,-3.515342
13600,0,test,persuade_corpus,6.3703184,-3.3205025
5928,0,test,persuade_corpus,5.003699,-2.5921373
9441,0,test,persuade_corpus,4.5170045,-3.667111
25193,0,test,persuade_corpus,5.038655,-3.0235608
12412,0,test,persuade_corpus,3.090447,-4.2340164
16979,0,test,persuade_corpus,4.986585,-3.401759
11457,0,test,persuade_corpus,5.306198,-3.0271175
8821,0,test,persuade_corpus,9.100289,-3.3705833
21909,0,test,persuade_corpus,7.7289524,-2.729419
14020,0,test,persuade_corpus,4.62181,-3.8738277
43298,0,test,train_essays,4.0143614,-3.3180373
8150,0,test,persuade_corpus,6.04159,-3.4568727
22638,0,test,persuade_corpus,4.075148,-3.1971116
24342,0,test,persuade_corpus,4.018942,-3.4567547
23329,0,test,persuade_corpus,4.1155257,-2.9809096
18389,0,test,persuade_corpus,4.974341,-2.996961
16511,0,test,persuade_corpus,3.0507274,-3.935476
14564,0,test,persuade_corpus,6.887132,-3.191776
6281,0,test,persuade_corpus,9.718626,-3.3197014
29181,1,test,mistral7binstruct_v2,8.325006,-1.7346846
29926,1,test,llama_70b_v1,4.0468726,-2.1757863
27877,1,test,mistral7binstruct_v1,4.7641973,-2.1134388
41751,1,test,cohere-command,5.346866,-2.4302936
38375,1,test,mistral7binstruct_v1,5.0896044,-1.788746
40850,1,test,NousResearch/Llama-2-7b-chat-hf,5.502684,-2.1313565
36502,1,test,mistral7binstruct_v1,5.7867537,-1.9459732
26370,1,test,llama2_chat,7.2514596,-2.0099223
32199,1,test,chat_gpt_moth,5.196422,-2.4779975
29854,1,test,mistral7binstruct_v2,6.0545416,-2.6118474
30101,1,test,mistral7binstruct_v2,6.273405,-2.2066972
34983,1,test,radek_500,4.833332,-2.2720666
41479,1,test,palm-text-bison1,6.847559,-2.0476828
34837,1,test,mistral7binstruct_v2,5.6931853,-2.2828915
44085,1,test,kingki19_palm,6.156787,-1.6949555
40133,1,test,llama2_chat,4.8212643,-2.26775
33797,1,test,llama2_chat,5.331089,-2.5020394
30607,1,test,chat_gpt_moth,4.9867654,-2.6772258
43833,1,test,kingki19_palm,6.0050187,-1.6605643
30076,1,test,mistral7binstruct_v2,5.010904,-2.215591
26110,1,test,mistral7binstruct_v2,6.450839,-2.198774
44161,1,test,kingki19_palm,4.2208686,-1.7165332
26552,1,test,radek_500,4.161424,-3.000861
34051,1,test,mistral7binstruct_v1,6.029198,-1.934665
30068,1,test,mistral7binstruct_v1,4.4339795,-1.9830314
41119,1,test,NousResearch/Llama-2-7b-chat-hf,4.571294,-3.0153897
43726,1,test,kingki19_palm,4.0576215,-1.8605032
29997,1,test,mistral7binstruct_v2,7.157117,-2.200653
27617,1,test,llama2_chat,5.765535,-2.565221
44146,1,test,kingki19_palm,6.1647954,-1.6172053
31509,1,test,radek_500,7.4983225,-2.9112492
35777,1,test,llama_70b_v1,4.7060323,-2.067977
30974,1,test,chat_gpt_moth,5.2764225,-2.695966
43641,1,test,kingki19_palm,7.515397,-1.8008902
27097,1,test,chat_gpt_moth,2.4521396,-2.5959964
28281,1,test,llama2_chat,4.305139,-2.5531209
39632,1,test,mistral7binstruct_v1,4.6972456,-1.9214386
44147,1,test,kingki19_palm,5.38655,-1.8406148
34105,1,test,chat_gpt_moth,4.8639255,-2.8135936
41993,1,test,radekgpt4,4.4411583,-3.4464324
41669,1,test,cohere-command,5.3621206,-2.358517
41392,1,test,palm-text-bison1,5.0878487,-2.393868
41692,1,test,cohere-command,4.7927127,-2.4597888
43858,1,test,kingki19_palm,4.7712994,-1.6873935
41284,1,test,palm-text-bison1,6.04716,-2.0796175
36370,1,test,llama2_chat,6.816448,-2.5294645
40906,1,test,NousResearch/Llama-2-7b-chat-hf,4.1223555,-2.771578
29894,1,test,llama2_chat,4.224216,-2.4565504
30524,1,test,radek_500,2.7416594,-2.5713289
38973,1,test,mistral7binstruct_v2,7.135575,-1.6615646
43746,1,test,kingki19_palm,5.373127,-1.7005931
39984,1,test,chat_gpt_moth,5.2900953,-2.4954746
38915,1,test,llama_70b_v1,4.9100842,-2.1319995
43819,1,test,kingki19_palm,4.1188126,-1.8317044
39200,1,test,mistral7binstruct_v1,5.4319,-2.0373795
41943,1,test,radekgpt4,8.122694,-3.1759787
30170,1,test,llama_70b_v1,5.7180448,-1.8613675
43893,1,test,kingki19_palm,5.698657,-1.5636193
29475,1,test,mistral7binstruct_v1,6.176606,-1.6374868
44041,1,test,kingki19_palm,5.3051744,-1.6535972
32938,1,test,llama_70b_v1,4.5411334,-2.5866075
40960,1,test,mistralai/Mistral-7B-Instruct-v0.1,3.6080143,-2.0833647
44140,1,test,kingki19_palm,5.5513844,-1.5951136
34856,1,test,llama_70b_v1,4.061737,-2.6489139
30295,1,test,mistral7binstruct_v2,4.7027783,-2.23422
43518,1,test,kingki19_palm,5.4472036,-1.6928729
43935,1,test,kingki19_palm,5.005713,-1.8069377
44064,1,test,kingki19_palm,4.851259,-1.624566
41175,1,test,mistralai/Mistral-7B-Instruct-v0.1,4.6127157,-2.3705397
43787,1,test,kingki19_palm,4.865139,-1.703598
43713,1,test,kingki19_palm,4.5745125,-1.7569588
26869,1,test,llama_70b_v1,4.3837986,-2.5922234
41107,1,test,NousResearch/Llama-2-7b-chat-hf,4.0307417,-1.9450506
41773,1,test,cohere-command,4.469807,-2.0871933
27212,1,test,radek_500,6.0984354,-2.310649
40969,1,test,mistralai/Mistral-7B-Instruct-v0.1,6.2654138,-1.871091
41076,1,test,mistralai/Mistral-7B-Instruct-v0.1,4.7584796,-1.5721939
29184,1,test,llama2_chat,5.1871104,-2.0557656
36159,1,test,mistral7binstruct_v2,4.156204,-2.9628925
31649,1,test,mistral7binstruct_v2,4.6454234,-1.9398062
43949,1,test,kingki19_palm,5.364747,-1.9167478
43758,1,test,kingki19_palm,6.661843,-1.8872085
41681,1,test,cohere-command,5.797465,-2.2278368
43594,1,test,kingki19_palm,6.095335,-1.8546246
27536,1,test,llama2_chat,4.3062835,-2.4337406
41233,1,test,palm-text-bison1,8.232891,-2.22907
41657,1,test,cohere-command,4.685442,-2.1246138
40068,1,test,llama_70b_v1,4.433671,-2.3854082
28464,1,test,llama2_chat,5.7268987,-2.3204436
35658,1,test,llama2_chat,4.72688,-2.2750912
41191,1,test,mistralai/Mistral-7B-Instruct-v0.1,5.4365997,-2.5662968
32502,1,test,llama_70b_v1,5.6892295,-2.2740486
44093,1,test,kingki19_palm,9.074655,-1.7084701
37036,1,test,mistral7binstruct_v2,5.4481387,-2.3813508
36061,1,test,chat_gpt_moth,4.112808,-2.4039562
41002,1,test,mistralai/Mistral-7B-Instruct-v0.1,4.9079843,-2.5451179
27332,1,test,mistral7binstruct_v1,4.2292356,-2.033127
43526,1,test,kingki19_palm,7.1620803,-1.807903
28564,1,test,llama2_chat,5.271435,-2.5833824
38516,1,test,mistral7binstruct_v2,5.084904,-2.043164
32007,1,test,mistral7binstruct_v1,5.5473537,-1.9011295
44137,1,test,kingki19_palm,6.1866565,-1.4727437
34713,1,test,llama2_chat,5.8254304,-2.4692993
29270,1,test,mistral7binstruct_v2,5.8480773,-2.3871853
43766,1,test,kingki19_palm,5.9339213,-1.8642738
36405,1,test,mistral7binstruct_v2,12.112944,-2.681461
43550,1,test,kingki19_palm,5.1674304,-1.6163813
27470,1,test,mistral7binstruct_v1,8.177759,-1.8124559
27087,1,test,llama2_chat,6.0652103,-2.049765
29665,1,test,radek_500,5.358594,-2.6714096
34789,1,test,chat_gpt_moth,4.867699,-2.5492787
30426,1,test,mistral7binstruct_v1,5.4906764,-1.6976577
27750,1,test,mistral7binstruct_v2,6.9560933,-2.3534033
30381,1,test,mistral7binstruct_v2,3.1442125,-2.4963415
41193,1,test,mistralai/Mistral-7B-Instruct-v0.1,7.2726912,-2.4503107
35027,1,test,llama_70b_v1,4.3823805,-2.117364
33527,1,test,mistral7binstruct_v1,4.064452,-2.0001853
41163,1,test,mistralai/Mistral-7B-Instruct-v0.1,5.0746574,-2.1226268
41026,1,test,NousResearch/Llama-2-7b-chat-hf,5.4694977,-2.9070902
30614,1,test,llama2_chat,7.1857486,-2.4904625
41558,1,test,cohere-command,4.3996615,-2.2361207
32467,1,test,llama_70b_v1,4.0136347,-2.7124436
39867,1,test,llama2_chat,4.2713513,-2.377379
43542,1,test,kingki19_palm,5.7556243,-1.8510116
41244,1,test,palm-text-bison1,4.1365457,-1.9704068
43618,1,test,kingki19_palm,6.5650544,-1.7523925
31089,1,test,llama2_chat,5.581412,-2.2145023
43926,1,test,kingki19_palm,4.2160883,-1.9947653
34794,1,test,mistral7binstruct_v1,9.916578,-1.7723478
26213,1,test,llama2_chat,5.368668,-2.3413208
31639,1,test,chat_gpt_moth,4.911651,-2.6205995
28532,1,test,chat_gpt_moth,5.021823,-2.4869008
26959,1,test,chat_gpt_moth,4.173141,-2.8425663
43895,1,test,kingki19_palm,6.3615193,-1.6871996
41300,1,test,palm-text-bison1,7.4972277,-2.1849632
26144,1,test,mistral7binstruct_v1,3.7180257,-1.9379816
35720,1,test,mistral7binstruct_v1,5.788846,-1.7198497
29397,1,test,llama2_chat,7.900241,-2.5979853
31256,1,test,mistral7binstruct_v2,4.8000565,-2.4368417
40918,1,test,NousResearch/Llama-2-7b-chat-hf,8.18876,-2.2996004
37660,1,test,radek_500,6.4889755,-2.601643
27614,1,test,mistral7binstruct_v2,4.429964,-2.6486187
40053,1,test,mistral7binstruct_v2,11.326839,-2.0181775
34085,1,test,llama2_chat,3.8140402,-2.2439778
27546,1,test,llama2_chat,5.878074,-2.4175308
26277,1,test,chat_gpt_moth,3.5800135,-2.9505699
43850,1,test,kingki19_palm,6.604603,-1.6846869
31215,1,test,llama2_chat,3.871712,-2.4934795
38425,1,test,mistral7binstruct_v2,3.8707364,-2.521356
43944,1,test,kingki19_palm,3.772211,-1.7436525
31718,1,test,mistral7binstruct_v1,7.770546,-2.20668
31589,1,test,llama2_chat,5.7329435,-2.5869732
36382,1,test,mistral7binstruct_v2,5.921272,-2.3323612
34244,1,test,mistral7binstruct_v2,4.6967034,-1.8298764
38473,1,test,chat_gpt_moth,4.340004,-2.7674267
43585,1,test,kingki19_palm,3.517996,-1.6747953
41619,1,test,cohere-command,4.324971,-1.938942
43799,1,test,kingki19_palm,5.0182066,-1.7888452
41713,1,test,cohere-command,12.5967655,-2.5819702
41814,1,test,cohere-command,7.118451,-2.7498596
43789,1,test,kingki19_palm,5.9088197,-1.8574766
33539,1,test,llama_70b_v1,4.971403,-2.5779727
41435,1,test,palm-text-bison1,5.258731,-2.0295324
38706,1,test,llama2_chat,5.8422613,-2.3305235
38553,1,test,chat_gpt_moth,2.667547,-3.11264
41567,1,test,cohere-command,5.321448,-1.979513
35308,1,test,chat_gpt_moth,3.9979856,-2.5253747
41941,1,test,radekgpt4,6.344774,-3.2372663
31236,1,test,mistral7binstruct_v2,3.462445,-2.0604043
41744,1,test,cohere-command,3.935324,-2.7440538
33638,1,test,llama2_chat,7.608574,-2.3139799
37542,1,test,llama_70b_v1,3.3859296,-2.6201878
34000,1,test,llama_70b_v1,5.1223264,-2.439338
43988,1,test,kingki19_palm,6.978223,-1.8714045
43568,1,test,kingki19_palm,6.959049,-1.841639
30315,1,test,llama2_chat,3.725078,-2.824246
43691,1,test,kingki19_palm,7.235543,-1.7313129
34580,1,test,radek_500,3.9010155,-2.5813112
37292,1,test,mistral7binstruct_v2,4.9556437,-1.9739941
35868,1,test,chat_gpt_moth,4.1470656,-2.775262
29972,1,test,llama2_chat,4.2318115,-2.1450274
38318,1,test,llama_70b_v1,4.0547295,-2.6872485
37350,1,test,chat_gpt_moth,4.646468,-2.8583248
36954,1,test,llama2_chat,5.828117,-2.2281687
31721,1,test,llama2_chat,4.65089,-2.0998259
39145,1,test,mistral7binstruct_v1,3.8129652,-2.1406078
44013,1,test,kingki19_palm,5.736308,-1.9350975
37042,1,test,mistral7binstruct_v1,5.7717447,-1.9740565
41292,1,test,palm-text-bison1,5.4513774,-1.8508235
35796,1,test,mistral7binstruct_v2,4.8238735,-1.9996334
44014,1,test,kingki19_palm,5.6721187,-1.662609
43607,1,test,kingki19_palm,4.2682,-1.7575276
43837,1,test,kingki19_palm,9.080788,-1.7505516
38749,1,test,llama_70b_v1,4.7509265,-2.3070788
28117,1,test,llama_70b_v1,7.825749,-2.0920463
33518,1,test,mistral7binstruct_v1,7.018361,-2.0144958
43675,1,test,kingki19_palm,4.451014,-1.935723
41797,1,test,cohere-command,4.659687,-2.3574588
39460,1,test,mistral7binstruct_v1,3.252555,-2.2232208
41959,1,test,radekgpt4,3.206067,-3.7472649
29372,1,test,llama_70b_v1,4.9948187,-1.905718
31279,1,test,mistral7binstruct_v1,5.580561,-2.1589055
37246,1,test,chat_gpt_moth,4.9726815,-2.4546754
37662,1,test,mistral7binstruct_v2,4.705982,-2.1548162
26261,1,test,mistral7binstruct_v2,4.876241,-2.2034369
41373,1,test,palm-text-bison1,4.13204,-2.115011
44182,1,test,kingki19_palm,6.5970755,-1.8255203
34258,1,test,mistral7binstruct_v1,5.961865,-1.5866672
33891,1,test,mistral7binstruct_v1,5.810183,-1.8231972
34873,1,test,chat_gpt_moth,4.612551,-2.391108
35224,1,test,mistral7binstruct_v1,6.2810025,-2.135231
26374,1,test,radek_500,3.555173,-2.3825567
41635,1,test,cohere-command,4.439283,-1.8227384
31086,1,test,llama_70b_v1,3.7436612,-2.1453524
30214,1,test,llama2_chat,5.079919,-2.210609
28197,1,test,mistral7binstruct_v2,4.207062,-2.8922489
40857,1,test,mistralai/Mistral-7B-Instruct-v0.1,3.8555193,-1.9377981
34609,1,test,mistral7binstruct_v2,6.009722,-2.2827072
43964,1,test,kingki19_palm,10.286821,-1.597262
43963,1,test,kingki19_palm,6.82973,-2.0685127
35841,1,test,llama2_chat,4.542984,-2.1441278
39869,1,test,chat_gpt_moth,8.388928,-2.9334686
37466,1,test,mistral7binstruct_v2,7.1842656,-1.9323707
41782,1,test,cohere-command,4.0468206,-2.3682775
35748,1,test,llama2_chat,6.439842,-2.315382
30466,1,test,chat_gpt_moth,5.065688,-2.5274525
33641,1,test,mistral7binstruct_v2,5.304248,-1.9885591
34534,1,test,mistral7binstruct_v2,5.6986217,-1.882906
37609,1,test,llama2_chat,4.806887,-2.3294353
33758,1,test,radek_500,7.3223004,-2.601559
26133,1,test,mistral7binstruct_v2,4.7660117,-2.281457
30601,1,test,mistral7binstruct_v2,5.212806,-2.0334413
41795,1,test,cohere-command,9.177552,-2.1758904
29791,1,test,chat_gpt_moth,5.1544204,-2.1511319
43668,1,test,kingki19_palm,4.4850817,-1.4112782
31967,1,test,chat_gpt_moth,4.7739577,-2.699398
41460,1,test,palm-text-bison1,7.0027514,-1.8857017
30732,1,test,radek_500,4.3119354,-2.5720646
33611,1,test,llama2_chat,5.0212593,-2.482319
37687,1,test,mistral7binstruct_v2,7.0197678,-2.5618606
41590,1,test,cohere-command,9.257005,-1.9180322
43648,1,test,kingki19_palm,7.675956,-1.9442819
41288,1,test,palm-text-bison1,5.7133007,-2.422828
30751,1,test,llama_70b_v1,7.0057063,-2.317662
40343,1,test,llama_70b_v1,5.9091425,-2.1893098
29774,1,test,llama_70b_v1,4.9657035,-1.8871242
27445,1,test,chat_gpt_moth,6.008407,-2.9406905
28183,1,test,llama2_chat,6.317581,-2.4194608
33624,1,test,mistral7binstruct_v2,4.4527054,-1.8733023
31931,1,test,mistral7binstruct_v2,7.5018916,-2.221082
35202,1,test,mistral7binstruct_v1,6.7414327,-2.1817427
36002,1,test,chat_gpt_moth,4.7700377,-2.6421468
35097,1,test,chat_gpt_moth,6.0648174,-2.379622
29712,1,test,mistral7binstruct_v1,3.259631,-2.3365736
38386,1,test,llama_70b_v1,6.094942,-2.428175
44028,1,test,kingki19_palm,7.331774,-1.7092508
41566,1,test,cohere-command,8.303952,-1.5514045
39884,1,test,llama_70b_v1,4.857557,-2.3631177
41271,1,test,palm-text-bison1,6.3052855,-1.9882412
40938,1,test,NousResearch/Llama-2-7b-chat-hf,4.853676,-2.779401
41769,1,test,cohere-command,4.6045313,-2.3975415
39722,1,test,mistral7binstruct_v1,5.9992685,-1.7084738
32031,1,test,radek_500,11.51812,-2.7333403
40861,1,test,mistralai/Mistral-7B-Instruct-v0.1,6.5989337,-1.812017
37204,1,test,chat_gpt_moth,5.109346,-2.933336
43562,1,test,kingki19_palm,5.283532,-1.8052671
37008,1,test,chat_gpt_moth,6.3922076,-2.6693006
32349,1,test,mistral7binstruct_v1,9.210198,-2.027341
43582,1,test,kingki19_palm,4.199898,-1.8518729
39647,1,test,llama_70b_v1,6.410533,-2.2050884
41031,1,test,NousResearch/Llama-2-7b-chat-hf,6.48427,-2.1812215
41583,1,test,cohere-command,4.5951333,-2.0767758
39705,1,test,llama2_chat,8.075194,-2.3422892
41293,1,test,palm-text-bison1,5.134557,-2.2015896
39844,1,test,llama2_chat,4.613845,-2.1795306
41436,1,test,palm-text-bison1,6.632752,-2.2913244
41185,1,test,mistralai/Mistral-7B-Instruct-v0.1,5.359463,-2.3364697
31461,1,test,chat_gpt_moth,4.8850875,-2.4965913
34894,1,test,mistral7binstruct_v2,5.9873037,-2.0440004
40314,1,test,mistral7binstruct_v2,5.433479,-1.9841458
41181,1,test,mistralai/Mistral-7B-Instruct-v0.1,5.8956933,-1.8622655
41067,1,test,mistralai/Mistral-7B-Instruct-v0.1,7.5522194,-2.0543904
44048,1,test,kingki19_palm,5.2007184,-1.821298
41352,1,test,palm-text-bison1,10.588123,-2.065318
37601,1,test,radek_500,5.76235,-2.63745
40843,1,test,NousResearch/Llama-2-7b-chat-hf,5.0890903,-2.118582
34555,1,test,radek_500,4.940695,-2.623371
32853,1,test,llama2_chat,5.827017,-2.2645504
35825,1,test,llama2_chat,7.1120753,-2.6159444
38839,1,test,mistral7binstruct_v1,9.208802,-1.8876269
37578,1,test,llama_70b_v1,5.514101,-2.9520297
31590,1,test,mistral7binstruct_v2,8.515301,-2.3931715
31734,1,test,mistral7binstruct_v2,6.799439,-2.413281
44103,1,test,kingki19_palm,12.597964,-1.6609027
37223,1,test,llama2_chat,4.136302,-2.6256676
41823,1,test,cohere-command,7.293301,-2.2437787
43812,1,test,kingki19_palm,4.5264935,-1.7124894
32238,1,test,mistral7binstruct_v2,8.935775,-2.2553833
39998,1,test,llama2_chat,8.407179,-2.2629032
43492,1,test,kingki19_palm,6.1758795,-1.9038845
31626,1,heldout_generator,darragh_claude_v7,6.294798,-3.0052845
28209,1,heldout_generator,darragh_claude_v6,4.120141,-3.2027853
39241,1,heldout_generator,falcon_180b_v1,4.736641,-2.273803
38053,1,heldout_generator,darragh_claude_v7,3.7079105,-3.0609775
32663,1,heldout_generator,falcon_180b_v1,6.2500896,-2.1522877
32674,1,heldout_generator,darragh_claude_v6,6.2734985,-3.7010367
28089,1,heldout_generator,darragh_claude_v7,4.2941036,-3.0821419
30901,1,heldout_generator,darragh_claude_v6,5.276963,-2.9080057
37123,1,heldout_generator,falcon_180b_v1,6.5334287,-2.152511
36980,1,heldout_generator,darragh_claude_v7,5.1070757,-3.760903
29694,1,heldout_generator,darragh_claude_v6,6.153776,-3.2847936
32198,1,heldout_generator,darragh_claude_v7,3.893137,-2.9793801
34808,1,heldout_generator,darragh_claude_v6,4.650508,-3.0698783
34935,1,heldout_generator,falcon_180b_v1,5.07942,-2.1431673
37853,1,heldout_generator,falcon_180b_v1,5.301246,-2.333124
31450,1,heldout_generator,darragh_claude_v6,5.859227,-2.7047815
38747,1,heldout_generator,darragh_claude_v6,3.8961537,-3.1871445
39039,1,heldout_generator,darragh_claude_v6,3.6317925,-3.493786
26911,1,heldout_generator,darragh_claude_v6,4.328225,-3.056508
34189,1,heldout_generator,darragh_claude_v6,4.3539567,-3.1344786
30577,1,heldout_generator,darragh_claude_v6,4.4100122,-3.4703524
36623,1,heldout_generator,falcon_180b_v1,3.6959145,-2.198537
31933,1,heldout_generator,falcon_180b_v1,4.1586823,-2.297331
29185,1,heldout_generator,falcon_180b_v1,3.908446,-2.641359
31033,1,heldout_generator,falcon_180b_v1,6.5339103,-1.7358447
30531,1,heldout_generator,darragh_claude_v6,6.308574,-3.0461805
29124,1,heldout_generator,falcon_180b_v1,4.8668904,-2.1796
27971,1,heldout_generator,darragh_claude_v6,6.584083,-3.5063276
31536,1,heldout_generator,darragh_claude_v6,3.5112033,-3.365013
31660,1,heldout_generator,falcon_180b_v1,5.7144685,-2.2534316
34424,1,heldout_generator,falcon_180b_v1,4.926142,-2.7655697
26402,1,heldout_generator,darragh_claude_v6,3.7126548,-3.2412572
36392,1,heldout_generator,falcon_180b_v1,4.5064993,-2.1369767
32322,1,heldout_generator,darragh_claude_v6,4.6857166,-3.4707294
31638,1,heldout_generator,darragh_claude_v7,4.4732795,-3.383084
26716,1,heldout_generator,falcon_180b_v1,4.3808374,-2.3611853
36988,1,heldout_generator,darragh_claude_v6,3.9928014,-3.779425
38452,1,heldout_generator,falcon_180b_v1,7.700656,-1.9882566
36150,1,heldout_generator,darragh_claude_v7,3.6996446,-3.1101997
28216,1,heldout_generator,darragh_claude_v6,5.0234303,-3.3839211
31498,1,heldout_generator,darragh_claude_v7,9.400392,-2.883046
30373,1,heldout_generator,falcon_180b_v1,6.017598,-2.0801518
37569,1,heldout_generator,darragh_claude_v7,3.365195,-3.2536728
33819,1,heldout_generator,darragh_claude_v6,6.3986053,-3.4069057
27130,1,heldout_generator,falcon_180b_v1,5.2056127,-2.4181406
32105,1,heldout_generator,falcon_180b_v1,3.9287655,-2.3544285
33657,1,heldout_generator,darragh_claude_v7,3.9743,-3.0601368
39014,1,heldout_generator,darragh_claude_v6,3.6559088,-3.3471189
31017,1,heldout_generator,falcon_180b_v1,9.940029,-2.1839066
37735,1,heldout_generator,falcon_180b_v1,6.1694293,-2.0571399
36927,1,heldout_generator,darragh_claude_v7,3.5322628,-3.555253
32563,1,heldout_generator,falcon_180b_v1,4.6574874,-2.6605515
26448,1,heldout_generator,falcon_180b_v1,5.5193434,-1.8377148
31800,1,heldout_generator,darragh_claude_v7,4.200671,-3.139245
27050,1,heldout_generator,darragh_claude_v6,6.234584,-3.2940598
39595,1,heldout_generator,falcon_180b_v1,6.9417896,-1.7177818
32890,1,heldout_generator,falcon_180b_v1,5.707636,-1.9259241
35884,1,heldout_generator,darragh_claude_v7,6.2996416,-3.2608824
29341,1,heldout_generator,darragh_claude_v6,3.7492073,-4.14488
37354,1,heldout_generator,darragh_claude_v7,5.171623,-3.591925
27480,1,heldout_generator,darragh_claude_v7,3.3361697,-3.228791
39955,1,heldout_generator,darragh_claude_v6,4.5302067,-3.4631665
37289,1,heldout_generator,darragh_claude_v7,5.1286297,-3.7666593
36532,1,heldout_generator,darragh_claude_v6,5.1487613,-3.26726
30063,1,heldout_generator,falcon_180b_v1,8.799353,-2.079507
39009,1,heldout_generator,darragh_claude_v6,5.650117,-3.315953
29250,1,heldout_generator,darragh_claude_v7,5.102003,-2.8335624
36721,1,heldout_generator,falcon_180b_v1,5.2804236,-2.2375095
33590,1,heldout_generator,darragh_claude_v7,4.4148455,-3.2200115
36540,1,heldout_generator,darragh_claude_v6,5.7422132,-2.9754288
26920,1,heldout_generator,falcon_180b_v1,3.3639424,-2.0848012
37514,1,heldout_generator,falcon_180b_v1,7.084117,-1.999451
28762,1,heldout_generator,darragh_claude_v7,4.930525,-3.1722653
36797,1,heldout_generator,darragh_claude_v7,4.5865498,-3.316951
32037,1,heldout_generator,falcon_180b_v1,4.242942,-2.282034
34486,1,heldout_generator,falcon_180b_v1,4.790357,-2.0600932
32672,1,heldout_generator,darragh_claude_v7,6.48803,-2.8203382
35361,1,heldout_generator,darragh_claude_v7,4.5205293,-3.2918952
39115,1,heldout_generator,falcon_180b_v1,5.8409896,-3.078949
33889,1,heldout_generator,darragh_claude_v7,4.0442734,-3.9175785
29171,1,heldout_generator,darragh_claude_v7,4.203786,-3.4269795
28461,1,heldout_generator,falcon_180b_v1,10.139238,-1.5758463
35228,1,heldout_generator,darragh_claude_v7,4.022058,-3.5941746
40405,1,heldout_generator,falcon_180b_v1,6.75043,-2.6730158
35054,1,heldout_generator,darragh_claude_v7,3.9264934,-3.3648279
31389,1,heldout_generator,falcon_180b_v1,5.2599435,-2.2121305
33285,1,heldout_generator,darragh_claude_v6,5.6440277,-3.9896984
37863,1,heldout_generator,darragh_claude_v6,5.1635113,-3.1262171
39572,1,heldout_generator,falcon_180b_v1,8.042455,-2.136932
30015,1,heldout_generator,darragh_claude_v6,7.4420743,-2.903338
26191,1,heldout_generator,darragh_claude_v6,4.138527,-3.543572
30832,1,heldout_generator,darragh_claude_v7,5.2475896,-3.2115223
27406,1,heldout_generator,darragh_claude_v6,3.5850763,-3.617488
31722,1,heldout_generator,falcon_180b_v1,6.1519217,-2.1662307
33120,1,heldout_generator,darragh_claude_v6,4.9013896,-2.9109898
37746,1,heldout_generator,darragh_claude_v6,4.2487693,-3.4364452
38027,1,heldout_generator,darragh_claude_v6,4.8388286,-3.414619
31154,1,heldout_generator,falcon_180b_v1,4.273095,-2.0291486
28502,1,heldout_generator,darragh_claude_v7,3.029547,-3.571712
30991,1,heldout_generator,falcon_180b_v1,5.471346,-1.9702015
37640,1,heldout_generator,falcon_180b_v1,8.234695,-2.4984503
26513,1,heldout_generator,falcon_180b_v1,4.5609407,-2.2535498
30274,1,heldout_generator,falcon_180b_v1,10.281268,-2.1481068
26251,1,heldout_generator,darragh_claude_v6,4.6880264,-3.0380633
32846,1,heldout_generator,darragh_claude_v6,5.161369,-3.116117
29361,1,heldout_generator,darragh_claude_v7,4.397404,-3.4397864
34823,1,heldout_generator,darragh_claude_v7,5.620962,-3.106657
31440,1,heldout_generator,falcon_180b_v1,4.5487576,-2.0102272
28731,1,heldout_generator,falcon_180b_v1,4.8180456,-1.8059088
39131,1,heldout_generator,falcon_180b_v1,5.723574,-2.1686459
33553,1,heldout_generator,darragh_claude_v7,5.9080386,-3.275876
35941,1,heldout_generator,darragh_claude_v6,2.816438,-3.1708708
36218,1,heldout_generator,darragh_claude_v7,3.3605902,-3.7351432
29634,1,heldout_generator,falcon_180b_v1,5.4738955,-2.095696
34361,1,heldout_generator,darragh_claude_v7,5.0626864,-2.634982
36890,1,heldout_generator,darragh_claude_v6,3.8725946,-3.4572709
40358,1,heldout_generator,darragh_claude_v7,2.5930185,-3.5358932
28444,1,heldout_generator,falcon_180b_v1,9.684168,-2.1518872
28425,1,heldout_generator,falcon_180b_v1,4.3784385,-1.7929171
33407,1,heldout_generator,darragh_claude_v7,5.843426,-2.888347
31877,1,heldout_generator,darragh_claude_v7,3.6096325,-3.536856
39416,1,heldout_generator,darragh_claude_v7,5.4669266,-3.113548
40074,1,heldout_generator,falcon_180b_v1,7.990917,-2.19791
35313,1,heldout_generator,falcon_180b_v1,5.059212,-2.203286
33302,1,heldout_generator,falcon_180b_v1,5.595167,-1.806499
35708,1,heldout_generator,darragh_claude_v6,6.531594,-3.794023
30378,1,heldout_generator,falcon_180b_v1,5.054643,-2.3089287
39740,1,heldout_generator,darragh_claude_v6,7.8514915,-2.9668465
35564,1,heldout_generator,darragh_claude_v7,3.4897437,-2.925308
33226,1,heldout_generator,falcon_180b_v1,7.663887,-1.8939224
30716,1,heldout_generator,falcon_180b_v1,4.7626195,-2.0867324
28400,1,heldout_generator,darragh_claude_v6,3.212062,-3.3720748
33917,1,heldout_generator,falcon_180b_v1,4.739895,-2.4557643
35317,1,heldout_generator,falcon_180b_v1,7.373403,-2.2044802
30704,1,heldout_generator,falcon_180b_v1,7.5615907,-2.028987
26378,1,heldout_generator,falcon_180b_v1,3.5957437,-2.3603842
36609,1,heldout_generator,darragh_claude_v6,4.0979447,-3.0675967
32654,1,heldout_generator,darragh_claude_v7,6.4178934,-2.9506607
29610,1,heldout_generator,falcon_180b_v1,5.5937686,-2.3661146
26318,1,heldout_generator,darragh_claude_v7,3.1372411,-3.538996
36073,1,heldout_generator,darragh_claude_v7,6.436622,-4.1550126
39818,1,heldout_generator,darragh_claude_v6,7.736434,-2.8076868
28561,1,heldout_generator,falcon_180b_v1,4.4789987,-2.214407
37243,1,heldout_generator,darragh_claude_v6,4.226023,-3.0769606
38543,1,heldout_generator,darragh_claude_v6,4.2981486,-3.6316094
30994,1,heldout_generator,darragh_claude_v6,5.1520123,-2.9933536
35990,1,heldout_generator,falcon_180b_v1,8.318648,-2.554478
28587,1,heldout_generator,darragh_claude_v6,4.149808,-3.250591
30810,1,heldout_generator,darragh_claude_v7,4.1855593,-3.0678823
26660,1,heldout_generator,darragh_claude_v6,4.589158,-3.629974
36958,1,heldout_generator,darragh_claude_v7,5.7681394,-3.1760366
37224,1,heldout_generator,darragh_claude_v6,4.655706,-3.7513452
31097,1,heldout_generator,darragh_claude_v6,3.9819565,-3.3808439
31422,1,heldout_generator,falcon_180b_v1,5.393685,-2.1702805
34118,1,heldout_generator,darragh_claude_v6,3.1297982,-3.588325
32365,1,heldout_generator,darragh_claude_v6,5.119247,-3.3162038
39690,1,heldout_generator,falcon_180b_v1,4.296505,-2.3720064
28317,1,heldout_generator,falcon_180b_v1,12.654132,-1.9933728
38288,1,heldout_generator,darragh_claude_v6,4.6185637,-3.278799
35610,1,heldout_generator,darragh_claude_v6,5.648382,-3.4110875
39919,1,heldout_generator,falcon_180b_v1,5.125325,-2.1554384
33041,1,heldout_generator,darragh_claude_v6,3.5375915,-3.5310404
34237,1,heldout_generator,darragh_claude_v7,4.8118505,-2.9645689
31140,1,heldout_generator,falcon_180b_v1,7.405718,-2.3657875
39335,1,heldout_generator,darragh_claude_v6,4.021171,-3.2863657
32760,1,heldout_generator,darragh_claude_v7,6.0902944,-2.8781059
32799,1,heldout_generator,darragh_claude_v6,8.328997,-3.6012967
33069,1,heldout_generator,darragh_claude_v6,5.781029,-4.007328
36870,1,heldout_generator,darragh_claude_v7,6.4958677,-2.9374342
34906,1,heldout_generator,darragh_claude_v7,3.1320004,-3.4651597
28820,1,heldout_generator,falcon_180b_v1,4.1046343,-2.0687108
36596,1,heldout_generator,darragh_claude_v7,3.610491,-4.457164
28733,1,heldout_generator,darragh_claude_v7,4.8515396,-3.374522
35915,1,heldout_generator,darragh_claude_v6,4.4309044,-3.2588396
37966,1,heldout_generator,falcon_180b_v1,5.4371576,-1.8384565
27275,1,heldout_generator,falcon_180b_v1,3.756015,-2.3519585
34360,1,heldout_generator,darragh_claude_v6,4.844718,-2.5846627
33426,1,heldout_generator,darragh_claude_v7,3.4993036,-3.5324628
31270,1,heldout_generator,falcon_180b_v1,6.7201858,-2.0644667
26351,1,heldout_generator,falcon_180b_v1,5.7119374,-1.7660835
35502,1,heldout_generator,darragh_claude_v7,3.687263,-3.4354205
35354,1,heldout_generator,darragh_claude_v7,4.394094,-3.1539323
30513,1,heldout_generator,falcon_180b_v1,6.6298647,-2.216084
28422,1,heldout_generator,falcon_180b_v1,6.6366334,-2.0361516
39384,1,heldout_generator,darragh_claude_v6,4.3919716,-2.841375
31648,1,heldout_generator,darragh_claude_v7,5.1990285,-3.1496823
38869,1,heldout_generator,darragh_claude_v7,6.8162894,-2.9013608
36756,1,heldout_generator,darragh_claude_v7,4.3440094,-3.8056283
33933,1,heldout_generator,darragh_claude_v7,5.2532387,-3.3424084
33720,1,heldout_generator,darragh_claude_v6,8.743637,-3.1983812
28438,1,heldout_generator,darragh_claude_v6,2.7392297,-3.3721085
27045,1,heldout_generator,darragh_claude_v7,5.605297,-2.6465144
35099,1,heldout_generator,falcon_180b_v1,5.9758506,-1.9442049
35793,1,heldout_generator,darragh_claude_v6,3.1962032,-3.1957157
40391,1,heldout_generator,darragh_claude_v7,11.384027,-3.2360415
29142,1,heldout_generator,falcon_180b_v1,5.0232224,-2.7514775
39411,1,heldout_generator,falcon_180b_v1,4.2664046,-2.0054345
26176,1,heldout_generator,falcon_180b_v1,6.8420854,-2.1997042
33957,1,heldout_generator,darragh_claude_v7,3.5662727,-3.444296
37413,1,heldout_generator,darragh_claude_v7,4.2280827,-2.882523
